<?xml version="1.0"?>
<doc>
    <assembly>
        <name>Broker</name>
    </assembly>
    <members>
        <member name="T:Xamarin.Messaging.Broker.Properties.Resources">
            <summary>
              A strongly-typed resource class, for looking up localized strings, etc.
            </summary>
        </member>
        <member name="P:Xamarin.Messaging.Broker.Properties.Resources.ResourceManager">
            <summary>
              Returns the cached ResourceManager instance used by this class.
            </summary>
        </member>
        <member name="P:Xamarin.Messaging.Broker.Properties.Resources.Culture">
            <summary>
              Overrides the current thread's CurrentUICulture property for all
              resource lookups using this strongly typed resource class.
            </summary>
        </member>
        <member name="P:Xamarin.Messaging.Broker.Properties.Resources.Broker_Main_Error">
            <summary>
              Looks up a localized string similar to An unexpected error occurred and the broker &apos;{0} {1}&apos; will be terminated.
            </summary>
        </member>
        <member name="P:Xamarin.Messaging.Broker.Properties.Resources.BrokerAgent_ActiveClients">
            <summary>
              Looks up a localized string similar to Active Clients: {0}.
            </summary>
        </member>
        <member name="P:Xamarin.Messaging.Broker.Properties.Resources.BrokerAgent_AgentRegistered">
            <summary>
              Looks up a localized string similar to Agent registered: {0}.
            </summary>
        </member>
        <member name="P:Xamarin.Messaging.Broker.Properties.Resources.BrokerAgent_ClientConnected">
            <summary>
              Looks up a localized string similar to The client &apos;{0}&apos; has been connected.
            </summary>
        </member>
        <member name="P:Xamarin.Messaging.Broker.Properties.Resources.BrokerAgent_ClientDisconnected">
            <summary>
              Looks up a localized string similar to The client &apos;{0}&apos; has been disconnected.
            </summary>
        </member>
        <member name="P:Xamarin.Messaging.Broker.Properties.Resources.BrokerAgent_MainClient_Added">
            <summary>
              Looks up a localized string similar to Main client added: {0}.
            </summary>
        </member>
        <member name="P:Xamarin.Messaging.Broker.Properties.Resources.BrokerAgent_Monitor_Disconnected">
            <summary>
              Looks up a localized string similar to All the main clients are disconnected, hence the broker will be terminated.
            </summary>
        </member>
        <member name="P:Xamarin.Messaging.Broker.Properties.Resources.BrokerServer_Starting">
            <summary>
              Looks up a localized string similar to Starting broker....
            </summary>
        </member>
        <member name="T:Xamarin.ThisAssembly">
            <summary>Provides access to the current assembly information.</summary>
        </member>
        <member name="F:Xamarin.ThisAssembly.SimpleVersion">
            <summary>
            Simple release-like version number, like 4.0.1 for a cycle 5, SR1 build.
            </summary>
        </member>
        <member name="F:Xamarin.ThisAssembly.Version">
            <summary>
            Full version, including commits since base version file, like 4.0.1.598
            </summary>
        </member>
        <member name="F:Xamarin.ThisAssembly.InformationalVersion">
            <summary>
            Full version, plus branch and commit short sha.
            </summary>
        </member>
        <member name="T:Xamarin.ThisAssembly.Git">
            <summary>Provides access to the git information for the current assembly.</summary>
        </member>
        <member name="F:Xamarin.ThisAssembly.Git.IsDirty">
            <summary>IsDirty: true</summary>
        </member>
        <member name="F:Xamarin.ThisAssembly.Git.IsDirtyString">
            <summary>IsDirtyString: true</summary>
        </member>
        <member name="F:Xamarin.ThisAssembly.Git.RepositoryUrl">
            <summary>Repository URL: https://github.com/xamarin/Xamarin.Messaging</summary>
        </member>
        <member name="F:Xamarin.ThisAssembly.Git.Branch">
            <summary>Branch: main</summary>
        </member>
        <member name="F:Xamarin.ThisAssembly.Git.Commit">
            <summary>Commit: dda2ead</summary>
        </member>
        <member name="F:Xamarin.ThisAssembly.Git.Sha">
            <summary>Sha: dda2ead8afbd15f7959eea752307b59c45ffb847</summary>
        </member>
        <member name="F:Xamarin.ThisAssembly.Git.CommitDate">
            <summary>Commit date: 2024-04-24T17:25:28-04:00</summary>
        </member>
        <member name="F:Xamarin.ThisAssembly.Git.Commits">
            <summary>Commits on top of base version: 6</summary>
        </member>
        <member name="F:Xamarin.ThisAssembly.Git.Tag">
            <summary>Tag: </summary>
        </member>
        <member name="F:Xamarin.ThisAssembly.Git.BaseTag">
            <summary>Base tag: </summary>
        </member>
        <member name="T:Xamarin.ThisAssembly.Git.BaseVersion">
            <summary>Provides access to the base version information used to determine the <see cref="T:Xamarin.ThisAssembly.Git.SemVer" />.</summary>      
        </member>
        <member name="F:Xamarin.ThisAssembly.Git.BaseVersion.Major">
            <summary>Major: 1</summary>
        </member>
        <member name="F:Xamarin.ThisAssembly.Git.BaseVersion.Minor">
            <summary>Minor: 14</summary>
        </member>
        <member name="F:Xamarin.ThisAssembly.Git.BaseVersion.Patch">
            <summary>Patch: 0</summary>
        </member>
        <member name="T:Xamarin.ThisAssembly.Git.SemVer">
            <summary>Provides access to SemVer information for the current assembly.</summary>
        </member>
        <member name="F:Xamarin.ThisAssembly.Git.SemVer.Major">
            <summary>Major: 1</summary>
        </member>
        <member name="F:Xamarin.ThisAssembly.Git.SemVer.Minor">
            <summary>Minor: 14</summary>
        </member>
        <member name="F:Xamarin.ThisAssembly.Git.SemVer.Patch">
            <summary>Patch: 6</summary>
        </member>
        <member name="F:Xamarin.ThisAssembly.Git.SemVer.Label">
            <summary>Label: </summary>
        </member>
        <member name="F:Xamarin.ThisAssembly.Git.SemVer.DashLabel">
            <summary>Label with dash prefix: </summary>
        </member>
        <member name="F:Xamarin.ThisAssembly.Git.SemVer.Source">
            <summary>Source: File</summary>
        </member>
    </members>
</doc>
